,hits,at_bats,plate_appearances,singles,doubles,triples,home_runs,walks,strikeouts,babip,hit_rate,power_rate
0,0.025442224372941965,0.0028475532325007795,0.00924495669760587,0.00373655112202506,0.0050213611611853075,0.0012873348448213472,0.03780427898128276,0.027154428893934667,0.011159710253983943,0.0205040253773472,0.6900906509236114,0.16570692413875968
