,hits,at_bats,plate_appearances,singles,doubles,triples,home_runs,walks,strikeouts,babip,hit_rate,contact_rate
0,0.1487497126989012,0.061250196227329884,0.06103346048640419,0.11334199346419671,0.06029541562808211,0.00238985683294205,0.0445818057211904,0.0411315358422455,0.025492546289761903,0.08873994609358182,0.31815355363666503,0.03483997707869927
