,hits,at_bats,plate_appearances,singles,doubles,triples,home_runs,walks,strikeouts,babip,hit_rate,power_rate
0,0.09972655792797872,0.04759149104377215,0.06670957839529837,0.06771196207574011,0.05275807425716716,0.0025697311858363285,0.14245889042508655,0.06954736644470455,0.020234531391094462,0.043914247206861406,0.2548017166734159,0.1319758529730442
