,hits,at_bats,plate_appearances,singles,doubles,triples,home_runs,walks,strikeouts,babip,hit_rate,power_rate
0,0.020562556,0.008420605,0.018308353,0.010494681,0.04416845,0.0108710155,0.35798928,0.054594938,0.0032469204,0.015776562,0.3386199,0.11694673
