,hits,at_bats,plate_appearances,singles,doubles,triples,home_runs,walks,strikeouts,babip
0,0.26936883,0.023626724,0.16658232,0.025065053,0.15934828,0.017017685,0.1065141,0.18134186,0.010387424,0.04074783
